name,docket_number,license_number,location,nrc_region,reactor_type,containment_type,nsss_supplier,architect_engineer,constructor,parent_company,licensee,parent_website,licensed_mwt,capacity_mwe,construction_permit,operating_license,commercial_operation,license_renewed,license_expires,subsequent_renewal,latitude,longitude,nrc_site_url
"Arkansas Nuclear One, Unit 1",05000313,DPR-51,"London, AR (6 MI WNW of Russellville,  AR)",4,PWR,PWR-DRYAMB,B&W LLP,BECH,BECH,"Entergy Nuclear Operations, Inc.","Entergy Operations, Inc.",www.entergy-nuclear.com,2568.0,833,1968-12-06,1974-05-21,1974-12-19,2001-06-20,2034-05-20,,35.310306,-93.231389,https://www.nrc.gov/info-finder/reactors/ano1
"Arkansas Nuclear One, Unit 2",05000368,NPF-6,"London, AR (6 MI WNW of Russellville,  AR)",4,PWR,PWR-DRYAMB,CE,BECH,BECH,"Entergy Nuclear Operations, Inc.","Entergy Operations, Inc.",www.entergy-nuclear.com,3026.0,985,1972-12-06,1978-09-01,1980-03-26,2005-06-30,2038-07-17,,35.310306,-93.231389,https://www.nrc.gov/info-finder/reactors/ano2
"Beaver Valley Power Station, Unit 1",05000334,DPR-66,"Shippingport, PA(17 MI W of McCandless,  PA)",1,PWR,PWR-DRYAMB,WEST 3LP,S&W,S&W,Energy Harbor Corp.,Energy Harbor Nuclear Generation LLC and Energy Harbor Nuclear Corp.,www.energyharbor.com,2900.0,907,1970-06-26,1976-07-02,1976-10-01,2009-11-05,2036-01-29,,40.6219,-80.4339,https://www.nrc.gov/info-finder/reactors/bv1
"Beaver Valley Power Station, Unit 2",05000412,NPF-73,"Shippingport, PA (17 MI W of McCandless,  PA)",1,PWR,PWR-DRYAMB,WEST 3LP,S&W,S&W,Energy Harbor Corp.,Energy Harbor Nuclear Generation LLC and Energy Harbor Nuclear Corp.,www.energyharbor.com,2900.0,901,1974-05-03,1987-08-14,1987-11-17,2009-11-05,2047-05-27,,40.6219,-80.4339,https://www.nrc.gov/info-finder/reactors/bv2
"Braidwood Station, Unit 1",05000456,NPF-72,"Braceville, IL (20 MI SSW of Joliet,  IL)",3,PWR,PWR-DRYAMB,WEST 4LP,S&L,CWE,Constellation Energy Corporation,"Constellation Energy Generation, LLC",www.constellationenergy.com,3645.0,1183,1975-12-31,1987-07-02,1988-07-29,2016-01-27,2046-10-17,,41.2639,-88.2208,https://www.nrc.gov/info-finder/reactors/brai1
"Braidwood Station, Unit 2",05000457,NPF-77,"Braceville, IL (20 MI SSW of Joliet,  IL)",3,PWR,PWR-DRYAMB,WEST 4LP,S&L,CWE,Constellation Energy Corporation,"Constellation Energy Generation, LLC",www.constellationenergy.com,3645.0,1154,1975-12-31,1988-05-20,1988-10-17,2016-01-27,2047-12-18,,41.2639,-88.2208,https://www.nrc.gov/info-finder/reactors/brai2
"Browns Ferry Nuclear Plant, Unit 1",05000259,DPR-33,"Limestone County, AL (10 miles south of Athens, AL  and 32 MI W of Huntsville,  AL)",2,BWR,BWR-MARK 1,GE 4,TVA,TVA,Tennessee Valley Authority,Tennessee Valley Authority,www.tva.gov,3952.0,1256,1967-05-10,1973-12-20,1974-08-01,2006-05-04,2033-12-20,,34.7042,-87.1189,https://www.nrc.gov/info-finder/reactors/bf1
"Browns Ferry Nuclear Plant, Unit 2",05000260,DPR-52,"Limestone County, AL (10 miles south of Athens, AL  and 32 MI W of Huntsville,  AL)",2,BWR,BWR-MARK 1,GE 4,TVA,TVA,Tennessee Valley Authority,Tennessee Valley Authority,www.tva.gov,3952.0,1259,1967-05-10,1974-06-28,1975-03-01,2006-05-04,2034-06-28,,34.7042,-87.1189,https://www.nrc.gov/info-finder/reactors/bf2
"Browns Ferry Nuclear Plant, Unit 3",05000296,DPR-68,"Limestone County, AL (10 miles south of Athens, AL  and 32 MI W of Huntsville,  AL)",2,BWR,BWR-MARK 1,GE 4,TVA,TVA,Tennessee Valley Authority,Tennessee Valley Authority,www.tva.gov,3952.0,1260,1968-07-31,1976-07-02,1977-03-01,2006-05-04,2036-07-02,,34.7042,-87.1189,https://www.nrc.gov/info-finder/reactors/bf3
"Brunswick Steam Electric Plant, Unit 1",05000325,DPR-71,"Southport, NC (20 MI S of Wilmington, NC)",2,BWR,BWR-MARK 1,GE 4,UE&C,BRRT,Duke Energy,"Duke Energy Progress, LLC",www.duke-energy.com,2923.0,938,1970-02-07,1976-09-08,1977-03-18,2006-06-26,2036-09-08,,33.9581,-78.01,https://www.nrc.gov/info-finder/reactors/bru1
"Brunswick Steam Electric Plant, Unit 2",05000324,DPR-62,"Southport, NC (20 MI S of Wilmington, NC)",2,BWR,BWR-MARK 1,GE 4,UE&C,BRRT,Duke Energy,"Duke Energy Progress, LLC",www.duke-energy.com,2923.0,932,1970-02-07,1974-12-27,1975-11-03,2006-06-26,2034-12-27,,33.9581,-78.01,https://www.nrc.gov/info-finder/reactors/bru2
"Byron Station, Unit 1",05000454,NPF-37,"Byron, Il (17 MI SW of Rockford,  IL)",3,PWR,PWR-DRYAMB,WEST 4LP,S&L,CWE,Constellation Energy Corporation,"Constellation Energy Generation, LLC",www.constellationenergy.com,3645.0,1164,1975-12-31,1985-02-14,1985-09-16,2015-11-19,2044-10-31,,42.0744,-89.2864,https://www.nrc.gov/info-finder/reactors/byro1
"Byron Station, Unit 2",05000455,NPF-66,"Byron, Il (17 MI SW of Rockford,  IL)",3,PWR,PWR-DRYAMB,WEST 4LP,S&L,CWE,Constellation Energy Corporation,"Constellation Energy Generation, LLC",www.constellationenergy.com,3645.0,1136,1975-12-31,1987-01-30,1987-08-02,2015-11-19,2046-11-06,,42.0744,-89.2864,https://www.nrc.gov/info-finder/reactors/byro2
Callaway Plant,05000483,NPF-30,"Fulton, MO (25 MI ENE of Jefferson City,  MO)",4,PWR,PWR-DRYAMB,WEST 4LP,BECH,DANI,AmerenUE,Union Electric Co.,www.ameren.com,3565.0,1190,1976-04-16,1984-10-18,1984-12-19,2015-03-06,2044-10-18,,38.7617,-91.7825,https://www.nrc.gov/info-finder/reactors/call
"Calvert Cliffs Nuclear Power Plant, Unit 1",05000317,DPR-53,"Lusby, MD (40 MI S of Annapolis,  MD)",1,PWR,PWR-DRYAMB,CE,BECH,BECH,Constellation Energy Corporation,"Calvert Cliffs Nuclear Power Plant, LLC – Owner<br> Constellation Energy Generation, LLC – Operator",www.constellationenergy.com,2737.0,866,1969-07-07,1974-07-31,1975-05-08,2000-03-23,2034-07-31,,38.4347,-76.4417,https://www.nrc.gov/info-finder/reactors/calv1
"Calvert Cliffs Nuclear Power Plant, Unit 2",05000318,DPR-69,"Lusby, MD (40 MI S of Annapolis,  MD)",1,PWR,PWR-DRYAMB,CE,BECH,BECH,Constellation Energy Corporation,"Calvert Cliffs Nuclear Power Plant, LLC – Owner<br> Constellation Energy Generation, LLC – Operator",www.constellationenergy.com,2737.0,842,1969-07-07,1976-08-13,1977-04-01,2000-03-23,2036-08-13,,38.4347,-76.4417,https://www.nrc.gov/info-finder/reactors/calv2
"Catawba Nuclear Station, Unit 1",05000413,NPF-35,"York, SC (18 MI S of Charlotte, NC)",2,PWR,PWR-ICECND,WEST 4LP,DUKE,DUKE,Duke Energy,"Duke Energy Carolinas, LLC",www.duke-energy.com,3469.0,1160,1975-08-07,1985-01-17,1985-06-29,2003-12-05,2043-12-05,,35.0528,-81.0753,https://www.nrc.gov/info-finder/reactors/cat1
"Catawba Nuclear Station, Unit 2",05000414,NPF-52,"York, SC (18 MI S of Charlotte, NC)",2,PWR,PWR-ICECND,WEST 4LP,DUKE,DUKE,Duke Energy,"Duke Energy Carolinas, LLC",www.duke-energy.com,3411.0,1150,1975-08-07,1986-05-15,1986-08-19,2003-12-05,2043-12-05,,35.0528,-81.0753,https://www.nrc.gov/info-finder/reactors/cat2
"Clinton Power Station, Unit 1",05000461,NPF-62,"Clinton, IL (23 MI SSE of Bloomington, IL)",3,BWR,BWR-MARK 3,GE 6,S&L,BALD,Constellation Energy Corporation,"Constellation Energy Generation, LLC",www.constellationenergy.com,3473.0,1065,1976-02-24,1987-04-17,1987-11-24,,2026-09-29,,40.1517,-88.9578,https://www.nrc.gov/info-finder/reactors/clin
Columbia Generating Station,05000397,NPF-21,"Richland, WA (20 MI NNE of Pasco, WA)",4,BWR,BWR-MARK 2,GE 5,B&R,BECH,Energy Northwest,Energy Northwest,www.energy-northwest.com,3544.0,1163,1973-03-19,1984-04-13,1984-12-13,2012-05-22,2043-12-20,,46.4719,-119.3328,https://www.nrc.gov/info-finder/reactors/wash2
"Comanche Peak Nuclear Power Plant, Unit 1",05000445,NPF-87,"Glen Rose, TX (40 MI SW of Fort Worth, TX)",4,PWR,PWR-DRYAMB,WEST 4LP,G&H,BRRT,Vistra Energy Corp.,Comanche Peak Power Company LLC – Owner<br>Vistra Operations Company LLC – Operator,www.vistraenergy.com/,3612.0,1205,1974-12-19,1990-04-17,1990-08-13,,2030-02-08,,32.2928,-97.785,https://www.nrc.gov/info-finder/reactors/cp1
"Comanche Peak Nuclear Power Plant, Unit 2",05000446,NPF-89,"Glen Rose, TX (40 MI SW of Fort Worth, TX)",4,PWR,PWR-DRYAMB,WEST 4LP,BECH,BRRT,Vistra Energy Corp.,Comanche Peak Power Company LLC – Owner<br>Vistra Operations Company LLC – Operator,www.vistraenergy.com/,3612.0,1195,1974-12-19,1993-04-06,1993-08-03,,2033-02-02,,32.2928,-97.785,https://www.nrc.gov/info-finder/reactors/cp2
Cooper Nuclear Station,05000298,DPR-46,"Brownville, NE (23 MI S of Nebraska City,  NE)",4,BWR,BWR-MARK 1,GE 4,B&R,B&R,Nebraska Public Power District,Nebraska Public Power District,www.nppd.com,2419.0,770,1968-06-04,1974-01-18,1974-07-01,2010-11-29,2034-01-18,,40.3619,-95.6411,https://www.nrc.gov/info-finder/reactors/cns
"Davis-Besse Nuclear Power Station, Unit 1",05000346,NPF-3,"Oak Harbor, OH (21 MI ESE of Toledo,  OH)",3,PWR,PWR-DRYAMB,B&W RLP,BECH,B&W,Energy Harbor Corp.,Energy Harbor Nuclear Generation LLC and Energy Harbor Nuclear Corp.,www.energyharbor.com,2817.0,894,1971-03-24,1977-04-22,1978-07-31,2015-12-08,2037-04-22,,41.5972,-83.0864,https://www.nrc.gov/info-finder/reactors/davi
"Diablo Canyon Nuclear Power Plant, Unit 1",05000275,DPR-80,"Avila Beach, CA (12 MI WSW of San Luis Obispo,  CA)",4,PWR,PWR-DRYAMB,WEST 4LP,PG&E,PG&E,Pacific Gas & Electric Company,Pacific Gas & Electric Co.,www.pge.com,3411.0,1122,1968-04-23,1984-11-02,1985-05-07,Application Withdrawn,2024-11-02,,35.2111,-120.8525,https://www.nrc.gov/info-finder/reactors/diab1
"Diablo Canyon Nuclear Power Plant, Unit 2",05000323,DPR-82,"Avila Beach, CA (12 MI WSW of San Luis Obispo,  CA)",4,PWR,PWR-DRYAMB,WEST 4LP,PG&E,PG&E,Pacific Gas & Electric Company,Pacific Gas & Electric Co.,www.pge.com,3411.0,1118,1970-12-09,1985-08-26,1986-03-13,Application Withdrawn,2025-08-26,,35.2111,-120.8525,https://www.nrc.gov/info-finder/reactors/diab2
"Donald C. Cook Nuclear Plant, Unit 1",05000315,DPR-58,"Bridgman, MI (13 M S of Benton Harbor, MI)",3,PWR,PWR-ICECND,WEST 4LP,AEP,AEP,Indiana Michigan Power Company,Indiana Michigan Power Co.,www.indianamichiganpower.com,3304.0,1009,1969-03-25,1974-10-25,1975-08-28,2005-08-30,2034-10-25,,41.9761,-86.5656,https://www.nrc.gov/info-finder/reactors/cook1
"Donald C. Cook Nuclear Plant, Unit 2",05000316,DPR-74,"Bridgman, MI (13 M S of Benton Harbor, MI)",3,PWR,PWR-ICECND,WEST 4LP,AEP,AEP,Indiana Michigan Power Company,Indiana Michigan Power Co.,www.indianamichiganpower.com,3468.0,1168,1969-03-25,1977-12-23,1978-07-01,2005-08-30,2037-12-23,,41.9761,-86.5656,https://www.nrc.gov/info-finder/reactors/cook2
"Dresden Nuclear Power Station, Unit 2",05000237,DPR-19,"Morris, IL (25 M SW of Joliet, IL)",3,BWR,BWR-MARK 1,GE 3,S&L,UE&C,Constellation Energy Corporation,"Constellation Energy Generation, LLC",www.constellationenergy.com,2957.0,902,1966-01-10,1969-12-22,1970-06-09,2004-10-28,2029-12-22,,41.3897,-88.2717,https://www.nrc.gov/info-finder/reactors/dres2
"Dresden Nuclear Power Station, Unit 3",05000249,DPR-25,"Morris, IL (25 M SW of Joliet, IL)",3,BWR,BWR-MARK 1,GE 3,S&L,UE&C,Constellation Energy Corporation,"Constellation Energy Generation, LLC",www.constellationenergy.com,2957.0,895,1966-10-14,1971-01-12,1971-11-16,2004-10-28,2031-01-12,,41.3897,-88.2717,https://www.nrc.gov/info-finder/reactors/dres3
"Edwin I. Hatch Nuclear Plant, Unit 1",05000321,DPR-57,"Baxley , GA (20 MI S of Vidalia,  GA)",2,BWR,BWR-MARK 1,GE 4,BECH,GPC,Southern Nuclear Operating Company,Southern Nuclear Operating Co.,www.southerncompany.com,2804.0,876,1969-09-30,1974-10-13,1975-12-31,2002-01-15,2034-08-06,,31.9339,-82.3444,https://www.nrc.gov/info-finder/reactors/hat1
"Edwin I. Hatch Nuclear Plant, Unit 2",05000366,NPF-5,"Baxley , GA (20 MI S of Vidalia,  GA)",2,BWR,BWR-MARK 1,GE 4,BECH,GPC,Southern Nuclear Operating Company,Southern Nuclear Operating Co.,www.southerncompany.com,2804.0,883,1972-12-27,1978-06-13,1979-09-05,2002-01-15,2038-06-13,,31.9339,-82.3444,https://www.nrc.gov/info-finder/reactors/hat2
"Fermi, Unit 2",05000341,NPF-43,"Newport, MI (25 MI NE of Toledo,  OH)",3,BWR,BWR-MARK 1,GE 4,S&L,DANI,DTE Electric Company (DTE),DTE Electric Company,www.dteenergy.com,3486.0,1141,1972-09-26,1985-03-20,1988-01-23,2016-12-15,2045-03-20,,41.9608,-83.2594,https://www.nrc.gov/info-finder/reactors/ferm2
"Grand Gulf Nuclear Station, Unit 1",05000416,NPF-29,"Port Gibson, MS (20 MI S of Vicksburg,  MS)",4,BWR,BWR-MARK 3,GE 6,BECH,BECH,"Entergy Nuclear Operations, Inc.","Entergy Operations, Inc.",www.entergy-nuclear.com,4408.0,1401,1974-09-04,1984-11-01,1985-07-01,2016-12-01,2044-11-01,,32.0292,-90.9903,https://www.nrc.gov/info-finder/reactors/gg1
"H. B. Robinson Steam Electric Plant, Unit 2",05000261,DPR-23,"Hartsville, SC (26 MI NW of Florence,  SC)",2,PWR,PWR-DRYAMB,WEST 3LP,EBSO,EBSO,Duke Energy,"Duke Energy Progress, LLC",www.duke-energy.com,2339.0,759,1967-04-13,1970-07-31,1971-03-07,2004-04-19,2030-07-31,,34.4036,-80.1586,https://www.nrc.gov/info-finder/reactors/rob2
"Hope Creek Generating Station, Unit 1",05000354,NPF-57,"Hancocks Bridge, NJ (18 MI SE of Wilmington,  DE)",1,BWR,BWR-MARK 1,GE 4,BECH,BECH,"PSEG Nuclear, LLC","PSEG Nuclear, LLC",www.pseg.com,3902.0,1172,1974-11-04,1986-07-25,1986-12-20,2011-07-20,2046-04-11,,39.4628,-75.535,https://www.nrc.gov/info-finder/reactors/hope
James A. FitzPatrick Nuclear Power Plant,05000333,DPR-59,"Scriba, NY (6 MI NE of Oswego,  NY)",1,BWR,BWR-MARK 1,GE 4,S&W,S&W,Constellation Energy Corporation,"Constellation Energy Generation, LLC",www.constellationenergy.com,2536.0,848,1970-05-20,1974-10-17,1975-07-28,2008-09-08,2034-10-17,,43.5239,-76.3978,https://www.nrc.gov/info-finder/reactors/fitz
"Joseph M. Farley Nuclear Plant, Unit 1",05000348,NPF-2,"Columbia, AL (18 MI E of Dothan,  AL)",2,PWR,PWR-DRYAMB,WEST 3LP,SSI,DANI,Southern Nuclear Operating Company,Southern Nuclear Operating Co.,www.southerncompany.com,2775.0,874,1972-08-16,1977-06-25,1977-12-01,2005-05-12,2037-06-25,,31.2228,-85.1131,https://www.nrc.gov/info-finder/reactors/far1
"Joseph M. Farley Nuclear Plant, Unit 2",05000364,NPF-8,"Columbia, AL (18 MI E of Dothan,  AL)",2,PWR,PWR-DRYAMB,WEST 3LP,SSI,BECH,Southern Nuclear Operating Company,Southern Nuclear Operating Co.,www.southerncompany.com,2775.0,877,1972-08-16,1981-03-31,1981-07-30,2005-05-12,2041-03-31,,31.2228,-85.1131,https://www.nrc.gov/info-finder/reactors/far2
"LaSalle County Station, Unit  1",05000373,NPF-11,"Marseilles, IL (11 MI SE of Ottawa,  IL)",3,BWR,BWR-MARK 2,GE 5,S&L,CWE,Constellation Energy Corporation,"Constellation Energy Generation, LLC",www.constellationenergy.com,3546.0,1131,1973-09-10,1982-04-17,1984-01-01,2016-10-19,2042-04-17,,41.2439,-88.6711,https://www.nrc.gov/info-finder/reactors/lasa1
"LaSalle County Station, Unit  2",05000374,NPF-18,"Marseilles, IL (11 MI SE of Ottawa,  IL)",3,BWR,BWR-MARK 2,GE 5,S&L,CWE,Constellation Energy Corporation,"Constellation Energy Generation, LLC",www.constellationenergy.com,3546.0,1134,1973-09-10,1983-12-16,1984-10-19,2016-10-19,2043-12-16,,41.2439,-88.6711,https://www.nrc.gov/info-finder/reactors/lasa2
"Limerick Generating Station, Unit 1",05000352,NPF-39,"Limerick, PA (21 MI NW of Philadelphia,  PA)",1,BWR,BWR-MARK 2,GE 4,BECH,BECH,Constellation Energy Corporation,"Constellation Energy Generation, LLC",www.constellationenergy.com,3515.0,1120,1974-06-19,1985-08-08,1986-02-01,2014-10-20,2044-10-26,,40.2256,-75.5869,https://www.nrc.gov/info-finder/reactors/lim1
"Limerick Generating Station, Unit 2",05000353,NPF-85,"Limerick, PA (21 MI NW of Philadelphia,  PA)",1,BWR,BWR-MARK 2,GE 4,BECH,BECH,Constellation Energy Corporation,"Constellation Energy Generation, LLC",www.constellationenergy.com,3515.0,1122,1974-06-19,1989-08-25,1990-01-08,2014-10-20,2049-06-22,,40.2256,-75.5869,https://www.nrc.gov/info-finder/reactors/lim2
"McGuire Nuclear Station, Unit 1",05000369,NPF-9,"Huntersville, NC (17 MI N of Charlotte,  NC)",2,PWR,PWR-ICECND,WEST 4LP,DUKE,DUKE,Duke Energy,"Duke Energy Carolinas, LLC",www.duke-energy.com,3411.0,1158,1973-02-23,1981-05-27,1981-12-01,2003-12-05,2041-06-12,,35.4328,-80.9481,https://www.nrc.gov/info-finder/reactors/mcg1
"McGuire Nuclear Station, Unit 2",05000370,NPF-17,"Huntersville, NC (17 MI N of Charlotte,  NC)",2,PWR,PWR-ICECND,WEST 4LP,DUKE,DUKE,Duke Energy,"Duke Energy Carolinas, LLC",www.duke-energy.com,3411.0,1158,1973-02-23,1983-05-27,1984-03-01,2003-12-05,2043-03-03,,35.4328,-80.9481,https://www.nrc.gov/info-finder/reactors/mcg2
"Millstone Power Station, Unit 2",05000336,DPR-65,"Waterford, CT (3.2 MI WSW of New London,  CT)",1,PWR,PWR-DRYAMB,CE,BECH,BECH,Dominion Generation,"Dominion Energy Nuclear Connecticut, Inc.",www.dom.com,2700.0,853,1970-12-11,1975-09-26,1975-12-26,2005-11-28,2035-07-31,,41.3086,-72.1681,https://www.nrc.gov/info-finder/reactors/mill2
"Millstone Power Station, Unit 3",05000423,NPF-49,"Waterford, CT (3.2 MI WSW of New London,  CT)",1,PWR,PWR-DRYSUB,WEST 4LP,S&W,S&W,Dominion Generation,"Dominion Energy Nuclear Connecticut, Inc.",www.dom.com,3650.0,1220,1974-08-09,1986-01-31,1986-04-23,2005-11-28,2045-11-25,,41.3086,-72.1681,https://www.nrc.gov/info-finder/reactors/mill3
"Monticello Nuclear Generating Plant, Unit 1",05000263,DPR-22,"Monticello, MN (30 MI NW of Minneapolis,  MN)",3,BWR,BWR-MARK 1,GE 3,BECH,BECH,Northern States Power Company Minnesota doing business as Xcel Energy,Northern States Power Company - Minnesota,www.xcelenergy.com,2004.0,617,1967-06-19,1970-09-08,1971-06-30,2006-11-08,2030-09-08,,45.3333,-93.8478,https://www.nrc.gov/info-finder/reactors/mont
"Nine Mile Point Nuclear Station, Unit 1",05000220,DPR-63,"Scriba, NY (6 MI NE of Oswego,  NY)",1,BWR,BWR-MARK 1,GE 2,NIAG,S&W,Constellation Energy Corporation,"Nine Mile Point Nuclear Station, LLC – Owner<br>Constellation Energy Generation, LLC – Operator",www.constellationenergy.com,1850.0,621,1965-04-12,1974-12-26,1969-12-01,2006-10-31,2029-08-22,,43.5222,-76.41,https://www.nrc.gov/info-finder/reactors/nmp1
"Nine Mile Point Nuclear Station, Unit 2",05000410,NPF-69,"Scriba, NY (6 MI NE of Oswego,  NY)",1,BWR,BWR-MARK 2,GE 5,S&W,S&W,Constellation Energy Corporation,"Nine Mile Point Nuclear Station, LLC – Owner<br>Constellation Energy Generation, LLC – Operator",www.constellationenergy.com,3988.0,1292,1974-06-24,1987-07-02,1988-03-11,2006-10-31,2046-10-31,,43.5222,-76.41,https://www.nrc.gov/info-finder/reactors/nmp2
"North Anna Power Station, Unit 1",05000338,NPF-4,"Mineral (Louisa County), VA (40 MI NW of Richmond,  VA)",2,PWR,PWR-DRYSUB,WEST 3LP,S&W,S&W,Dominion Generation,Virginia Electric & Power Co.,www.dom.com,2940.0,948,1971-02-19,1978-04-01,1978-06-06,2003-03-20,2038-04-01,,38.0617,-77.7906,https://www.nrc.gov/info-finder/reactors/na1
"North Anna Power Station, Unit 2",05000339,NPF-7,"Mineral (Louisa County), VA (40 MI NW of Richmond,  VA)",2,PWR,PWR-DRYSUB,WEST 3LP,S&W,S&W,Dominion Generation,Virginia Electric & Power Co.,www.dom.com,2940.0,944,1971-02-19,1980-08-21,1980-12-14,2003-03-20,2040-08-21,,38.0617,-77.7906,https://www.nrc.gov/info-finder/reactors/na2
"Oconee Nuclear Station, Unit 1",05000269,DPR-38,"Seneca, SC (30 MI W of Greenville,  SC)",2,PWR,PWR-DRYAMB,B&W LLP,DBDB,DUKE,Duke Energy,"Duke Energy Carolinas, LLC",www.duke-energy.com,2610.0,847,1967-11-06,1973-02-06,1973-07-15,2000-05-23,2033-02-06,,34.7922,-82.8986,https://www.nrc.gov/info-finder/reactors/oco1
"Oconee Nuclear Station, Unit 2",05000270,DPR-47,"Seneca, SC (30 MI W of Greenville,  SC)",2,PWR,PWR-DRYAMB,B&W LLP,DBDB,DUKE,Duke Energy,"Duke Energy Carolinas, LLC",www.duke-energy.com,2610.0,848,1967-11-06,1973-10-06,1974-09-09,2000-05-23,2033-10-06,,34.7922,-82.8986,https://www.nrc.gov/info-finder/reactors/oco2
"Oconee Nuclear Station, Unit 3",05000287,DPR-55,"Seneca, SC (30 MI W of Greenville,  SC)",2,PWR,PWR-DRYAMB,B&W LLP,DBDB,DUKE,Duke Energy,"Duke Energy Carolinas, LLC",www.duke-energy.com,2610.0,859,1967-11-06,1974-07-19,1974-12-16,2000-05-23,2034-07-19,,34.7922,-82.8986,https://www.nrc.gov/info-finder/reactors/oco3
"Palo Verde Nuclear Generating Station, Unit 1",05000528,NPF-41,"Wintersburg, AZ (50 MI W of Phoenix,  AZ)",4,PWR,PWR-DRYAMB,CE80-2L,BECH,BECH,Arizona Public Service Company,Arizona Public Service Company,www.aps.com,3990.0,1311,1976-05-25,1985-06-01,1986-01-28,2011-04-21,2045-06-01,,33.3881,-112.865,https://www.nrc.gov/info-finder/reactors/palo1
"Palo Verde Nuclear Generating Station, Unit 2",05000529,NPF-51,"Wintersburg, AZ (50 MI W of Phoenix,  AZ)",4,PWR,PWR-DRYAMB,CE80-2L,BECH,BECH,Arizona Public Service Company,Arizona Public Service Company,www.aps.com,3990.0,1314,1976-05-25,1986-04-24,1986-09-19,2011-04-21,2046-04-24,,33.3881,-112.865,https://www.nrc.gov/info-finder/reactors/palo2
"Palo Verde Nuclear Generating Station, Unit 3",05000530,NPF-74,"Wintersburg, AZ (50 MI W of Phoenix,  AZ)",4,PWR,PWR-DRYAMB,CE80-2L,BECH,BECH,Arizona Public Service Company,Arizona Public Service Company,www.aps.com,3990.0,1312,1976-05-25,1987-11-25,1988-01-08,2011-04-21,2047-11-25,,33.3881,-112.865,https://www.nrc.gov/info-finder/reactors/palo3
"Peach Bottom Atomic Power Station, Unit 2",05000277,DPR-44,"Delta, PA (17.9 MI S of Lancaster,  PA)",1,BWR,BWR-MARK 1,GE 4,BECH,BECH,Constellation Energy Corporation,"Constellation Energy Generation, LLC",www.constellationenergy.com,4016.0,1265,1968-01-31,1973-10-25,1974-07-05,2003-05-07,2053-08-08,2020-03-05,39.7592,-76.2689,https://www.nrc.gov/info-finder/reactors/pb2
"Peach Bottom Atomic Power Station, Unit 3",05000278,DPR-56,"Delta, PA (17.9 MI S of Lancaster,  PA)",1,BWR,BWR-MARK 1,GE 4,BECH,BECH,Constellation Energy Corporation,"Constellation Energy Generation, LLC",www.constellationenergy.com,4016.0,1285,1968-01-31,1974-07-02,1974-12-23,2003-05-07,2054-07-02,2020-03-05,39.7592,-76.2689,https://www.nrc.gov/info-finder/reactors/pb3
"Perry Nuclear Power Plant, Unit 1",05000440,NPF-58,"Perry, OH (35 MI NE of Cleveland,  OH)",3,BWR,BWR-MARK 3,GE 6,GIL,KAIS,Energy Harbor Corp.,Energy Harbor Nuclear Generation LLC and Energy Harbor Nuclear Corp.,www.energyharbor.com,3758.0,1240,1977-05-03,1986-11-13,1987-11-18,,2026-03-18,,41.8006,-81.1419,https://www.nrc.gov/info-finder/reactors/perr1
"Point Beach Nuclear Plant, Unit 1",05000266,DPR-24,"Two Rivers, WI (13 MI NNW of Manitowoc,  WI)",3,PWR,PWR-DRYAMB,WEST 2LP,BECH,BECH,"NextEra Energy, Inc. with principal subsidiaries  Florida Power & Light Co. and NextEra Energy Resources, LLC","NextEra Energy Point Beach, LLC",nexteraenergy.com,1800.0,598,1967-07-19,1970-10-05,1970-12-21,2005-12-22,2030-10-05,,44.2811,-87.5361,https://www.nrc.gov/info-finder/reactors/poin1
"Point Beach Nuclear Plant, Unit 2",05000301,DPR-27,"Two Rivers, WI (13 MI NNW of Manitowoc,  WI)",3,PWR,PWR-DRYAMB,WEST 2LP,BECH,BECH,"NextEra Energy, Inc. with principal subsidiaries  Florida Power & Light Co. and NextEra Energy Resources, LLC","NextEra Energy Point Beach, LLC",nexteraenergy.com,1800.0,603,1968-07-25,1973-03-08,1972-10-01,2005-12-22,2033-03-08,,44.2811,-87.5361,https://www.nrc.gov/info-finder/reactors/poin2
"Prairie Island Nuclear Generating Plant, Unit 1",05000282,DPR-42,"Welch, MN (28 MI SE of Minneapolis,  MN)",3,PWR,PWR-DRYAMB,WEST 2LP,FLUR,NSP,Northern States Power Company Minnesota doing business as Xcel Energy,Northern States Power Co. Minnesota,www.xcelenergy.com,1677.0,521,1968-06-25,1974-04-05,1973-12-16,2011-06-27,2033-08-09,,44.6219,-92.6331,https://www.nrc.gov/info-finder/reactors/prai1
"Prairie Island Nuclear Generating Plant, Unit 2",05000306,DPR-60,"Welch, MN (28 MI SE of Minneapolis,  MN)",3,PWR,PWR-DRYAMB,WEST 2LP,FLUR,NSP,Northern States Power Company Minnesota doing business as Xcel Energy,Northern States Power Co. Minnesota,www.xcelenergy.com,1677.0,519,1968-06-25,1974-10-29,1974-12-21,2011-06-27,2034-10-29,,44.6219,-92.6331,https://www.nrc.gov/info-finder/reactors/prai2
"Quad Cities Nuclear Power Station, Unit 1",05000254,DPR-29,"Cordova, IL (20 MI NE of Moline,  IL)",3,BWR,BWR-MARK 1,GE 3,S&L,UE&C,Constellation Energy Corporation,"Constellation Energy Generation, LLC",www.constellationenergy.com,2957.0,908,1967-02-15,1972-12-14,1973-02-18,2004-10-28,2032-12-14,,41.7267,-90.31,https://www.nrc.gov/info-finder/reactors/quad1
"Quad Cities Nuclear Power Station, Unit 2",05000265,DPR-30,"Cordova, IL (20 MI NE of Moline,  IL)",3,BWR,BWR-MARK 1,GE 3,S&L,UE&C,Constellation Energy Corporation,"Constellation Energy Generation, LLC",www.constellationenergy.com,2957.0,911,1967-02-15,1972-12-14,1973-03-10,2004-10-28,2032-12-14,,41.7267,-90.31,https://www.nrc.gov/info-finder/reactors/quad2
R.E. Ginna Nuclear Power Plant,05000244,DPR-18,"Ontario, NY (20 MI NE of Rochester,  NY)",1,PWR,PWR-DRYAMB,WEST 2LP,GIL,BECH,Constellation Energy Corporation,"R.E. Ginna Nuclear Power Plant, LLC",www.constellationenergy.com,1775.0,581,1966-04-25,1969-09-19,1970-07-01,2004-05-19,2029-09-18,,43.2778,-77.3089,https://www.nrc.gov/info-finder/reactors/ginn
"River Bend Station, Unit 1",05000458,NPF-47,"St. Francisville, LA (24 MI NNW of Baton Rouge,  LA)",4,BWR,BWR-MARK 3,GE 6,S&W,S&W,"Entergy Nuclear Operations, Inc.","Entergy Operations, Inc.",www.entergy-nuclear.com,3091.0,968,1977-03-25,1985-11-20,1986-06-16,2018-12-20,2045-08-29,,30.7572,-91.3322,https://www.nrc.gov/info-finder/reactors/rbs1
"St. Lucie Plant, Unit 1",05000335,DPR-67,"Jensen Beach, FL (10 MI SE of Ft. Pierce,  FL)",2,PWR,PWR-DRYAMB,CE,EBSO,EBSO,"NextEra Energy, Inc. with principal subsidiaries  Florida Power & Light Co. and NextEra Energy Resources, LLC",Florida Power & Light Co.,nexteraenergy.com,3020.0,981,1970-07-01,1976-03-01,1976-12-21,2003-10-02,2036-03-01,,27.3489,-80.2464,https://www.nrc.gov/info-finder/reactors/stl1
"St. Lucie Plant, Unit 2",05000389,NPF-16,"Jensen Beach, FL (10 MI SE of Ft. Pierce,  FL)",2,PWR,PWR-DRYAMB,CE,EBSO,EBSO,"NextEra Energy, Inc. with principal subsidiaries  Florida Power & Light Co. and NextEra Energy Resources, LLC",Florida Power & Light Co.,nexteraenergy.com,3020.0,987,1977-05-02,1983-04-06,1983-08-08,2003-10-02,2043-04-06,,27.3489,-80.2464,https://www.nrc.gov/info-finder/reactors/stl2
"Salem Nuclear Generating Station, Unit 1",05000272,DPR-70,"Hancocks Bridge, NJ (18 MI SE of Wilmington,  DE)",1,PWR,PWR-DRYAMB,WEST 4LP,PSEG,UE&C,"PSEG Nuclear, LLC","PSEG Nuclear, LLC",www.pseg.com,3459.0,1153,1968-09-25,1976-12-01,1977-06-30,2011-06-30,2036-08-13,,39.4625,-75.5361,https://www.nrc.gov/info-finder/reactors/salm1
"Salem Nuclear Generating Station, Unit 2",05000311,DPR-75,"Hancocks Bridge, NJ (18 MI SE of Wilmington,  DE)",1,PWR,PWR-DRYAMB,WEST 4LP,PSEG,UE&C,"PSEG Nuclear, LLC","PSEG Nuclear, LLC",www.pseg.com,3459.0,1142,1968-09-25,1981-05-20,1981-10-13,2011-06-30,2040-04-18,,39.4625,-75.5361,https://www.nrc.gov/info-finder/reactors/salm2
"Seabrook Station, Unit 1",05000443,NPF-86,"Seabrook, NH (13 MI S of Portsmouth,  NH)",1,PWR,PWR-DRYAMB,WEST 4LP,UE&C,UE&C,"NextEra Energy, Inc. with principal subsidiaries  Florida Power & Light Co. and NextEra Energy Resources, LLC","NextEra Energy Seabrook, LLC",nexteraenergy.com,3648.0,1250,1976-07-07,1990-03-15,1990-08-19,2019-03-12,2050-03-15,,42.8944,-70.8506,https://www.nrc.gov/info-finder/reactors/seab1
"Sequoyah Nuclear Plant, Unit 1",05000327,DPR-77,"Soddy-Daisy, TN (16 MI NE of Chattanooga,  TN)",2,PWR,PWR-ICECND,WEST 4LP,TVA,TVA,Tennessee Valley Authority,Tennessee Valley Authority,www.tva.gov,3455.0,1152,1970-05-27,1980-09-17,1981-07-01,2015-09-24,2040-09-17,,35.2236,-85.0881,https://www.nrc.gov/info-finder/reactors/seq1
"Sequoyah Nuclear Plant, Unit 2",05000328,DPR-79,"Soddy-Daisy, TN (16 MI NE of Chattanooga,  TN)",2,PWR,PWR-ICECND,WEST 4LP,TVA,TVA,Tennessee Valley Authority,Tennessee Valley Authority,www.tva.gov,3455.0,1126,1970-05-27,1981-09-15,1982-06-01,2015-09-28,2041-09-15,,35.2236,-85.0881,https://www.nrc.gov/info-finder/reactors/seq2
"Shearon Harris Nuclear Power Plant, Unit 1",05000400,NPF-63,"New Hill, NC (20 MI SW of Raleigh,  NC)",2,PWR,PWR-DRYAMB,WEST 3LP,EBSO,DANI,Duke Energy,"Duke Energy Progress, LLC",www.duke-energy.com,2948.0,964,1978-01-27,1986-10-24,1987-05-02,2008-12-17,2046-10-24,,35.6336,-78.955,https://www.nrc.gov/info-finder/reactors/har1
"South Texas Project, Unit 1",05000498,NPF-76,"Bay City, TX (90 MI SW of Houston, TX)",4,PWR,PWR-DRYAMB,WEST 4LP,BECH,EBSO,STP Nuclear Operating Company,STP Nuclear Operating Co.,www.stpnoc.com,3853.0,1280,1975-12-22,1988-03-22,1988-08-25,2017-09-28,2047-08-20,,28.7953,-96.0481,https://www.nrc.gov/info-finder/reactors/stp1
"South Texas Project, Unit 2",05000499,NPF-80,"Bay City, TX (90 MI SW of Houston, TX)",4,PWR,PWR-DRYAMB,WEST 4LP,BECH,EBSO,STP Nuclear Operating Company,STP Nuclear Operating Co.,www.stpnoc.com,3853.0,1280,1975-12-22,1989-03-28,1989-06-19,2017-09-28,2048-12-15,,28.7953,-96.0481,https://www.nrc.gov/info-finder/reactors/stp2
"Surry Power Station, Unit 1",05000280,DPR-32,"Surry, VA (17 MI NW of Newport News,  VA)",2,PWR,PWR-DRYSUB,WEST 3LP,S&W,S&W,Dominion Generation,Virginia Electric & Power Co.,www.dom.com,2587.0,838,1968-06-25,1972-05-25,1972-12-22,2003-03-20,2052-05-25,2021-05-04,37.1656,-76.6983,https://www.nrc.gov/info-finder/reactors/sur1
"Surry Power Station, Unit 2",05000281,DPR-37,"Surry, VA (17 MI NW of Newport News,  VA)",2,PWR,PWR-DRYSUB,WEST 3LP,S&W,S&W,Dominion Generation,Virginia Electric & Power Co.,www.dom.com,2587.0,838,1968-06-25,1973-01-29,1973-05-01,2003-03-20,2053-01-29,2021-05-04,37.1656,-76.6983,https://www.nrc.gov/info-finder/reactors/sur2
"Susquehanna Steam Electric Station, Unit 1",05000387,NPF-14,"Salem Township, Luzerne Co., PA (70 MI NE of Harrisburg, PA)",1,BWR,BWR-MARK 2,GE 4,BECH,BECH,Talen Energy Corporation,"Susquehanna Nuclear, LLC",www.talenenergy.com,3952.0,1247,1973-11-03,1982-07-17,1983-06-08,2009-11-24,2042-07-17,,41.0944,-76.1489,https://www.nrc.gov/info-finder/reactors/susq1
"Susquehanna Steam Electric Station, Unit 2",05000388,NPF-22,"Salem Township, Luzerne Co., PA (70 MI NE of Harrisburg, PA)",1,BWR,BWR-MARK 2,GE 4,BECH,BECH,Talen Energy Corporation,"Susquehanna Nuclear, LLC",www.talenenergy.com,3952.0,1247,1973-11-03,1984-03-23,1985-02-12,2009-11-24,2044-03-23,,41.0944,-76.1489,https://www.nrc.gov/info-finder/reactors/susq2
Turkey Point Nuclear Generating Unit No. 3,05000250,DPR-31,"Homestead, FL (20 MI S of Miami,  FL)",2,PWR,PWR-DRYAMB,WEST 3LP,BECH,BECH,"NextEra Energy, Inc. with principal subsidiaries  Florida Power & Light Co. and NextEra Energy Resources, LLC",Florida Power & Light Co.,www.fplgroup.com,2644.0,837,1967-04-27,1972-07-19,1972-12-14,2002-06-06,2052-07-19,2019-12-04,25.4353,-80.3314,https://www.nrc.gov/info-finder/reactors/tp3
Turkey Point Nuclear Generating Unit No. 4,05000251,DPR-41,"Homestead, FL (20 MI S of Miami,  FL)",2,PWR,PWR-DRYAMB,WEST 3LP,BECH,BECH,"NextEra Energy, Inc. with principal subsidiaries  Florida Power & Light Co. and NextEra Energy Resources, LLC",Florida Power & Light Co.,www.fplgroup.com,2644.0,861,1967-04-27,1973-04-10,1973-09-07,2002-06-06,2053-04-10,2019-12-04,25.4353,-80.3314,https://www.nrc.gov/info-finder/reactors/tp4
"Virgil C. Summer Nuclear Station, Unit 1",05000395,NPF-12,"Jenkinsville, SC (26 MI NW of Columbia,  SC)",2,PWR,PWR-DRYAMB,WEST 3LP,GIL,DANI,Dominion Generation,"Dominion Energy South Carolina, Inc.",www.dom.com,2900.0,971,1973-03-21,1982-11-12,1984-01-01,2004-04-23,2042-08-06,,34.3011,-81.3172,https://www.nrc.gov/info-finder/reactors/sum
"Vogtle Electric Generating Plant, Unit 1",05000424,NPF-68,"Waynesboro, GA (26 MI SE of Augusta,  GA)",2,PWR,PWR-DRYAMB,WEST 4LP,SBEC,GPC,Southern Nuclear Operating Company,Southern Nuclear Operating Co.,www.southerncompany.com,3625.6,1150,1974-06-28,1987-03-16,1987-06-01,2009-06-03,2047-01-16,,33.1417,-81.7603,https://www.nrc.gov/info-finder/reactors/vog1
"Vogtle Electric Generating Plant, Unit 2",05000425,NPF-81,"Waynesboro, GA (26 MI SE of Augusta,  GA)",2,PWR,PWR-DRYAMB,WEST 4LP,SBEC,GPC,Southern Nuclear Operating Company,Southern Nuclear Operating Co.,www.southerncompany.com,3625.6,1152,1974-06-28,1989-03-31,1989-05-20,2009-06-03,2049-02-09,,33.1417,-81.7603,https://www.nrc.gov/info-finder/reactors/vog2
"Waterford Steam Electric Station, Unit 3",05000382,NPF-38,"Killona, LA (25 MI W of New Orleans,  LA)",4,PWR,PWR-DRYAMB,COMB CE,EBSO,EBSO,"Entergy Nuclear Operations, Inc.","Entergy Operations, Inc.",www.entergy-nuclear.com,3716.0,1165,1974-11-14,1985-03-16,1985-09-24,2018-12-27,2044-12-18,,29.9944,-90.4728,https://www.nrc.gov/info-finder/reactors/wat3
"Watts Bar Nuclear Plant, Unit 1",05000390,NPF-90,"Spring City, TN (60 MI SW of Knoxville,  TN)",2,PWR,PWR-ICECND,WEST 4LP,TVA,TVA,Tennessee Valley Authority,Tennessee Valley Authority,www.tva.gov,3459.0,1123,1973-01-23,1996-02-07,1996-05-27,,2035-11-09,,35.6061,-84.7875,https://www.nrc.gov/info-finder/reactors/wb1
"Watts Bar Nuclear Plant, Unit 2",05000391,NPF-96,"Spring City, TN (60 MI SW of Knoxville,  TN)",2,PWR,PWR-ICECND,WEST 4LP,TVA,TVA,Tennessee Valley Authority,Tennessee Valley Authority,www.tva.gov,3411.0,1122,1973-01-24,2015-10-22,2016-10-19,,2055-10-22,,35.6061,-84.7875,https://www.nrc.gov/info-finder/reactors/wb2
"Wolf Creek Generating Station, Unit 1",05000482,NPF-42,"Burlington (Coffey County), KS (28 MI SE of Emporia, KS)",4,PWR,PWR-DRYAMB,WEST 4LP,BECH,DANI,Wolf Creek Nuclear Operating Corporation,Wolf Creek Nuclear Operating Corp.,www.wcnoc.com,3565.0,1225,1977-05-17,1985-06-04,1985-09-03,2008-11-20,2045-03-11,,38.2397,-95.6856,https://www.nrc.gov/info-finder/reactors/wc
"Vogtle Electric Generating Plant, Unit 3",05200025,NPF-91,"Waynesboro, GA (26 MI SE of Augusta,  GA)",2,PWR, PWR - Freestanding steel vessel with shield building,WEST 2LP,Westinghouse ,SNC,Southern Nuclear Operating Company,Southern Nuclear Operating Co.,www.southerncompany.com,3400.0,1117,,2022-08-03,,,2062-08-03,,33.1417,-81.7603,https://www.nrc.gov/info-finder/reactors/vog3
"Vogtle Electric Generating Plant, Unit 4",05200026,NPF-92,"Waynesboro, GA (26 MI SE of Augusta, GA)",2,PWR,PWR-AP1000,Westinghouse AP1000,Westinghouse,Southern Nuclear,"Southern Nuclear Operating Co., Inc.","Southern Nuclear Operating Co., Inc.",www.southerncompany.com,3400.0,1114,,2012-02-10,2024-04-29,,2063-07-28,,33.1417,-81.7603,https://www.nrc.gov/info-finder/reactors/vog4
